Name,Type,Country,City,Website,Check Size / AUM,Focus / Description,Contact / Notes
Pacific Lake Partners,Institutional Fund,USA,Boston MA,https://www.pacificlake.com,"$750M+ AUM, Fund IV $175M","First search fund (1984 origins). 100+ entrepreneurs backed. Co-founded by Jim Southern (launched first search fund in 1984) and Coley Andrews. 150+ search funds worked with.",info@pacificlake.com
Search Fund Partners (SFP),Institutional Fund,USA,Menlo Park CA,https://www.searchfunds.net,"$5M-$30M revenue targets, 202 investments","Founded 2004 as first PE fund dedicated to search funds. 86 exits. Led by ex-searchers. Bespoke and craftsman approach.",
Relay Investments,Institutional Fund,USA,Boston MA,https://www.relayinvestments.com,"15-25% of search cap table, $1M-$3.5M equity","Founded 2013 by Sandro Mina. 22-person team, 12 partners. 33 acquisitions. Industry agnostic, $1-3M EBITDA range. One of largest globally. US + international.",
Anacapa Partners,Institutional Fund,USA,San Mateo CA,https://anacapapartners.com,"175 individuals/partnerships, 60+ operating companies","Founded 2010 by Jeff Stevens. Focus on predictable revenue models. B2B, B2C, energy, financial services, IT, SaaS sectors.",
Broadtree Partners,PE / Accelerator,USA,Charlotte NC,https://broadtreepartners.com,"$3M-$10M EBITDA, $1-10M EBITDA","Founded 2016. 10+ acquisitions. Embeds operators in portfolio companies. Inc.'s 2024 Founder Friendly Investors list. Service and manufacturing sectors.",
Peterson Partners,Institutional Fund,USA,Salt Lake City UT,https://www.petersonpartners.com,"$500K-$5M checks, $2M-$20M EBITDA targets","Founded 2003 by Joel Peterson (Stanford GSB professor). 200+ companies. Dedicated 9-person search fund team. Software, business services, healthcare.",
WSC & Company,Institutional Fund,USA,Charlotte NC,https://wscandcompany.com,"90+ investments","Founded 2012. First full-time SF investment firm in SE US. Family-owned businesses focus. On-Deck program for professionals.",
ETA Equity,Institutional Fund,USA,Dallas TX,https://etaequity.com,"90+ search funds, 30+ acquired businesses","Founded 2020 by Matt Zucker & Mark Sinatra (both Wharton MBAs). Early engagement in deal sourcing and evaluation.",
Red Forest Capital,Family Office,USA,,https://www.redforestcapital.com,"300+ search fund investments","Investing since 1984. One of original SF investors. Burr family legacy tied to origins of model. Proprietary training materials, board participation.",
The Cambria Group,PE Fund,USA,,https://cambriagroup.com,"200+ traditional search funds backed, 110+ acquired businesses, ~20 boards","Early in model's history. Principals have extensive search fund experience. Sound businesses with operating histories.",
Futaleufu Partners,Institutional Fund,USA,,https://futaleufu-partners.com,"$1M-$5M EBITDA targets","Founded by David Dodson (Stanford GSB faculty). Wrote original search fund course material. Raised first search fund in 1989. Mentorship-focused.",
The Nashton Company,Holding Company,USA,,https://nashton.com,,"Recurring revenue services businesses. Niche market focus. Long-term hold. Execution-focused.",
Housatonic Partners,PE Fund,USA,,https://housatonicpartners.com,"100+ search funds over 20 years","Managing Directors helped pioneer search fund community. Broad ETA experience. Tech and services focus.",
Endurance Search Partners,Family Office,USA,Palm Beach FL,https://www.endurancesearchpartners.com,"350+ search fund partnerships","Family office specializing in search fund investments. Mentorship, operational experience, network access. Founded 2019.",
Aspect Investors,PE Fund,USA,Dallas TX,https://aspectinvestors.com,"200+ search fund partnerships, 120+ investments, $5-$50M revenue","Founded by Andy Love (20+ years experience). Nearly 200 search funds invested. Stable cash flow companies.",
CapitalPad,Investment Platform,USA,,https://capitalpad.com,"$500K-$2M direct capital, min $25K investor check","Platform for accredited investors to co-invest in SF acquisitions. Self-funded searchers + independent sponsors. $750K-$5M EBITDA. 1.5% one-time fee.",
Smash Ventures,Investment Firm,USA,,https://smash.vc,"$1M-$3M EBITDA, smaller checks","Fast decision-making (days not weeks). Marketing repositioning expertise. Capital provider for self-funded searchers.",
Milk Street Ventures,Investment Firm,USA,,https://milkstreetventures.com,,"Mission-driven investor. Value creation in overlooked industries. Traditional and self-funded searches. Peter Schober.",
TTCER Partners,Investment Firm,USA,,https://ttcerpartners.com,,"Long-term alignment focus. Post-close operating insight. Sara Rosenthal. Access to industry advisors.",
Liberty Partners / Liberty Search Ventures,Institutional Fund,USA,New York NY,https://libertypartnersholdings.com,"$500K-$1.5M per SF, $500K-$5M EBITDA, $2-$30M revenue","Healthcare, B2B services, financial services. Founded by Alon Amar. Operator-in-Residence program. NYC-based.",
M2O,Family Office,USA,Los Angeles CA,https://www.m2oinc.com,"$1M-$15M EBITDA, $5-$50M revenue","Founded 1992. Family investment firm. Combines capital with executive search. Service-based businesses. Decision in one week.",
Miramar Equity Partners,Investment Firm,USA,Dallas TX,https://miramarequity.com,,"Co-founded by Kyle Coots. Conservative approach. No set investment limit. Mid-sized business focus.",
Hunter Search Capital,PE Fund,USA,,https://www.huntersearchcapital.com,"119 investments","First female-founded PE fund investing in search funds and ETA vehicles. Lacey Wismer.",
Hadley Family Capital,Family Office,USA,,https://hadleyfamilycapital.com,,"Direct investment arm of Hadley Family Office. Permanent capital base. No restrictive fund timelines.",
GT Entrepreneurs (GTE),Investment Firm,USA,,https://www.gtentrepreneurs.com,"100+ years combined executive experience","Founded 2017. Led by Jamie Van Buren. Private investment firm leveraging search fund and executive experience.",
DVG Partners,Investment Firm,USA,,https://dvgpartners.com,"$1M-$5M EBITDA","Founded 2019 by Jeff Reamer. Military veterans focus. Discipline, Values, Grit principles.",
Halstatt Legacy Partners,Family Office,USA,Naples FL,https://halstattlegacy.com,,"Sproul family single-family office. Provides 100% equity capital plus senior debt financing. Single-sponsor model.",
Kingsway Financial,Public Company / Accelerator,USA,,https://kingsway-financial.com,,"Public company since 2014. CEO Accelerator launched 2020. B2B and B2C services. Asset-light, growing, profitable, recurring revenue.",
Search Fund Accelerator (SFA),Accelerator,USA,Boston MA,https://www.searchfundaccelerator.com,,"Founded 2015 by Timothy Bovard. Original search fund accelerator. 3-week boot camp + mentoring. 46 searchers to date. 15 acquisitions.",
NextGen Growth Partners (NGP),Accelerator / PE,USA,Chicago IL,https://nextgengp.com,,"Founded 2016 by Brian O'Connor. Booth and Kellogg alumni connections. Promotes diversity in ETA. Integrates capital, training, operations.",
Chenmark,Permanent Hold Company,USA,"Portland ME / Canada",https://chenmark.com,,"Founded 2014 by Trish and James Higgins. Permanent-hold model. Landscaping, marine services, hospitality. Generational approach.",
Sleeping Giant Capital,PE Fund,USA,Michigan,https://www.sleepinggiantcapital.com,"Fund 1: $34.5M, ~$90-100M portfolio revenue","Co-founded by Doug Lepisto (WMU professor). Place-based alternative to PE. West Michigan focus. 7 searcher-led acquisitions, 300+ employees.",
Spur Acquisitions,Accelerator,USA,,https://www.spuracquisitions.com,,"Founded 2017 by Drew Gottenborg. 2 CEOs created. SME-focused.",
Pursuant Capital,Accelerator,USA,,https://pursuantcapital.com,,"Founded by Sam Rosati. First self-funded accelerator. Capital, expertise, strategic guidance.",
Majority Search,Accelerator,USA,,https://majoritysearch.com,,"Founded early 2022 by Tim Ludwig.",
Northspring Partners,PE Fund,USA,,https://www.northspringpartners.com,,"SEC registered PE firm. Minority investments in micro-cap companies. Exponential growth potential.",
Greyhart Capital,Investment Firm,USA,,https://www.greyhartcapital.com,,"60+ years combined business and investing experience. Search funds and ETA.",
Vonzeo Capital,Fundless Sponsor,Canada,West Vancouver BC,,,"Founded 2017. Partners in Vancouver and Barcelona. Invests globally in search funds. North America, Europe, South America, Asia.",
Maven Equity Partners,Investment Firm,USA,,https://www.mavenequitypartners.com,,"Tailored guidance across search, diligence, and ownership. Direct access to team. Network of experienced operators.",
Cerralvo Capital,Investment Firm,USA,,https://cerralvo.com,"28 active search funds, 27 portfolio companies","Former operators and entrepreneurs. Elite businesses. Global focus.",
Ambit Partners,Investment Firm,Canada,,https://www.ambit.partners,"80+ search funds, 30 countries","Dedicated SF investor. Global mandate. Deep SME transacting and operating experience.",
Marion Equity Partners,Investment Firm,USA,,,,Top-ranked search fund investor (Searchfunder survey). Operator-investors.,
TD Investments,Investment Firm,Canada,,,"B2B services focus","Top-ranked for honesty in Searchfunder survey. B2B services focus.",
Archipelago Capital Partners,Investment Firm,Sweden,,,"Tomas Bergstrand","Guides entrepreneurs to become successful CEOs through search, acquisition, and growth.",
Blue Frame Capital Partners,Investment Firm,,,,"Trevor Lwin",Search Fund Alliance member.,
Dellin Investments,Investment Firm,Netherlands,,https://dellininvestments.com,"Frank van Lint","Invests directly in search funds and makes co-investments. Search fund investing principles focus.",
Fargo Investments,Investment Firm,,,,"Matthew Friesl",Search Fund Alliance member.,
Klickitat Fund LLC,Investment Firm,USA,,,"Harold Mottet",Search Fund Alliance member.,
Phalkon Ventures,Investment Firm,USA,,,"Rush McCloy",Search Fund Alliance member.,
Riviera Capital Partners,Investment Firm,,,,"Chris Jenkins",Search Fund Alliance member.,
Operand Group,Investment Firm,,,,"Carlos Saez",Search Fund Alliance member.,
Kinderhook Partners,Investment Firm,USA,,https://www.kinderhookpartners.com,,"Tushar Shah oversees SF investments. Backs search funds. Family offices and HNW operators.",
Arada Capital Partners,Investment Firm,,,https://aradacp.com,,"Specialized geographic focus. Analyzes avg 3,000 companies during search period. Close SF relationships.",
Next Coast ETA / Next Coast Ventures,Investment Firm,USA,,https://www.nextcoastventures.com,,"Hybrid model supporting both traditional and self-funded searches.",
Search Fund Ventures,Investment Firm,USA,,https://www.searchfundventures.co,,"Premier emerging investment firm. Recession-resistant B2B focus. Proprietary Tech-Enablement Playbook.",
Mainshares,Platform,USA,,https://mainshares.com,,"Equity financing for self-funded searchers and independent sponsors. Released Self-Funded Search Investing Report.",
Clearly Acquired,Platform / PE,USA,,https://www.clearlyacquired.com,,"AI-native M&A advisor. Deal flow, financing, expert guidance. Invests directly in operators.",
Estelio Partners,Investment Group,USA,https://www.esteliopartners.com,,,"Team of 20+ business owners and investors. First-hand experience acquiring and managing SMBs.",
Istria Capital,Fund of Funds,Spain,Madrid,https://istriacapital.com,"Fund II: EUR 50M. 120+ entrepreneurs, 42 operating companies","Founded 2016 by Simon Bores & Ignacio Olavarria. Europe's leading fund of search funds. France, Portugal, Poland, Switzerland, Chile, Czech Republic, Nordics, Baltics.",
Innesto Partners,PE Fund,Belgium,Brussels,https://www.innestopartners.com,"30 search funds, 6 SMEs","Founded by Joachim de Belgique & Felipe Corcuera (2018). France, Italy, Netherlands, Spain, Germany, UK, USA, Canada.",
Moonbase Capital,Fund of Funds,Spain,Barcelona,https://moonbasecapital.com,"Fund of funds EUR 15M target (EUR 5M first close), 9 deals in Europe","Founded 2020. Global mandate. Europe, Americas, emerging markets. 3 deals in Germany, 1 Austria. DACH expertise.",
Sentinel Capital (Search Fund),Family Office,UK,London,https://sentinelcapital.net,,"Family office with segregated search fund mandate. Global mandate, preference for Europe, US, LATAM. 60+ years owner/operator experience.",
Kortica Capital,Investment Firm,UK,,https://www.kortica.co.uk,,"Profitable small to mid-sized companies. Recurring revenues. Business legacy preservation.",
Seqos Capital,Accelerator,Germany,,https://seqoscapital.com,,"Founded 2022. DACH region. MBI candidates. Financing and industry relationships.",
Tembo Search Partners,Accelerator,Germany,,https://tembosearch.com,,"DACH region. Succession planning in SME sector. Capital, network, infrastructure, M&A expertise. KPI-driven selection.",
Novastone Capital Advisors,Accelerator / PE,Switzerland,,https://novastone-ca.com,"13-person core team","Founded 2019 by Christian Malek. Swiss-based. Consortium of Single Family Offices. Operator-Led Search Fund Program. US, Canada, Europe.",
True North Search,Accelerator,Northern Europe (Nordics),,https://truenorthsearch.io,,"Nordic focused. 2+ entrepreneur operators onboarded.",
Haldra Partners,Investment Firm,Scandinavia,,https://www.haldrapartners.com,,"Nordic-focused search fund investor. Exceptional businesses across Scandinavia.",
WAD Capital,Accelerator,Belgium,,,"EUR 1-5M EBITDA targets","SME focus. Data-driven cohort model.",
Itaca Capital Partners,Fundless Sponsor,Spain,Barcelona,https://itaca.capital,"10 investments","Founded 2019. ETA investments in exceptional SMEs via search funds.",
ALZA Capital Partners,PE Fund,Spain,,https://alzacp.com,,"PE firm specialized in search fund investments at global scale. Partners with talented SF managers.",
Sachem Partners,Search Fund,Spain,Madrid,https://sachempartners.com,,"Founded 2017 by Tuck alumni. Acquire and operate private companies in Spain.",
Blaumar Capital,PE Fund,Spain,Barcelona,,"6 portfolio companies","Founded 2020. Spain and Denmark. Industrial, Manufacturing, Energy sectors.",
Search Fund Spain,Non-profit Initiative,Spain,,,"Ecosystem building","Founded by Simon Bores & Ignacio Olavarria (Istria Capital founders). Promotes SF model in Spain.",
JB46 Partners,Investment Firm,Spain,Madrid,https://jb46.com,"150+ entrepreneurs backed, 43 investments","Founded 2015. Traditional search fund model. Global. Companies include Bautech, GRCS Trust, AT Safety Training.",
AIJ Global Holdings,Family Holding,Global (HQ varies),,https://www.aij.global,"120+ search funds, 25+ companies, 14 countries","Founded 2017. Most active international SF investor outside US. All continents. Own capital (no external LPs). Americas, Europe, Africa, APAC.",
Spectra Investments,Fund of Funds / PE,Brazil,Sao Paulo,https://spectrainvest.com,,"Founded 2011. Most active SF investor in Latin America. Invested in 50%+ of all LatAm funds. Pioneer in PE in Brazil. Largest AUM among LatAm FoFs.",
Japan Search Fund Accelerator (JaSFA),Accelerator,Japan,,https://japan-sfa.com,,"Founded 2018 by Noriko Shimazu (Stanford MBA). Partners: Yamaguchi Financial Group, Nomura Holdings. Japan Search Fund Platform (JSFP).",
Search Fund Japan,Accelerator,Japan,Tokyo,https://searchfund.co.jp,,"Founded 2020. Partners: Development Bank Japan, Nihon M&A Center.",
Japan Relay Partners,Search Fund,Japan,,https://www.japan-relay-partners.com,,"Founded 2024. Traditional search fund. Investors from Europe, US, Asia. Business succession focus.",
SMEVentures,Platform / Accelerator,Asia Pacific (APAC),,https://www.smeventures.com,,"Leading APAC search fund platform. Advanced deal sourcing technology.",
Second Squared / WayFinder Capital,Fund of Funds / Accelerator,Australia,,https://www.wayfindercapital.com.au,"WayFinder: $25M target committed capital","Founded 2018 (Second Squared). WayFinder Capital (2021) - first Australian fund investing exclusively in search funds. ~20 acquisition entrepreneurs.",
Search Fund Oz,Fund,Australia,,https://www.searchfundoz.com.au,,"Growing Australian SF/ETA ecosystem. Fund 1 focused on Australia, Fund 2 to include international.",
BETA-i,Accelerator (Non-profit),Canada,https://betaicanada.org,,,"First Black-targeted search fund accelerator. Non-profit focused on ETA.",
Regenerative Capital Group,Accelerator / PE,Canada,Surrey BC,https://www.regenerativecapitalgroup.com,,"Founded 2020. Purpose-driven entrepreneurs. 20+ years acquisition experience. Regenerative leadership. Impact investment.",
The Brydon Group,Accelerator / PE,USA,,https://brydon.com,"$10-20M equity per platform","CEO-in-Residence program selects 6-8 annually.",
Acquisition Lab,Training / Accelerator,USA,,https://acquisitionlab.com,"200 deals closed worth $350M+","Founded by Walker Deibel (Buy Then Build author). 4-week intensive. Fund and EIR programs. Merged with Shareholder Ventures.",
Search Capital Partners,Investment Firm,Spain,,https://searchcapitalpartners.com,,"M&A, management expertise. Capital, mentorship, strategic networks. Scale-up support.",
Newton Equity Partners,Institutional Fund,USA,,https://www.newtonequity.com,"78% searcher acquisition rate","Leading global SF investment landscape. Premier business schools and professional organizations. Search Fund Institute.",
Springline Partners,Search Fund,USA,Denver CO,https://www.springlinepartners.com,,"Dedicated to identifying, acquiring, and operating established US businesses.",
Laurel Tree Partners,Investment Firm,USA,Boston MA,https://www.laureltreepartners.com,,"Family-run investment firm. Group of investors, entrepreneurs and operators. Single company acquisition.",
Fairwater Partners,Search Fund,,,https://www.fairwaterpartners.com,,Search fund entity connected to Miramar ecosystem.,
Highland Legacy Capital,Investment Firm,,,https://www.highlandlegacy.capital,,Search fund investor with experienced investor partners.,
Mauve Capital Partners,Investment Firm,,,,,"Listed among Liberty Search Ventures partners.",
Spinnaker Search Capital,Search Fund,,,https://www.spinnakersearchcapital.com,,Search fund in Housatonic/Liberty ecosystem.,
H. Irving Grousbeck,Individual Investor / Academic,USA,,,"Pioneer - Stanford GSB","Created search fund model in 1984. Stanford GSB professor. Co-founder Continental Cablevision.",
Jim Southern,Individual Investor,USA,,,"75+ search funds","Co-founder Pacific Lake Partners. Launched first search fund in 1984. Over 75 individual SF investments.",
David Dodson,Individual Investor / Academic,USA,,,"Stanford GSB faculty","Founder Futaleufu Partners. Wrote original search fund course material. Stanford BA and MBA.",
Andy Love,Individual Investor,USA,Dallas TX,,"200+ search fund investments","Founder Aspect Investors. Two decades of experience.",
Coley Andrews,Individual Investor,USA,Boston MA,,"150+ search funds","Co-founder Pacific Lake Partners.",
Joel Peterson,Individual Investor / Academic,USA,Salt Lake City UT,,"200+ companies","Founder Peterson Partners. Former Stanford GSB professor. Former Managing Partner Trammell Crow.",
Matt Zucker,Individual Investor,USA,Dallas TX,,"90+ search funds invested","Co-founder ETA Equity. Wharton MBA.",
Sandro Mina,Individual Investor,USA,Boston MA,,Active since 1991,"Co-founder Relay Investments.",
Craig Burr,Individual Investor (Historical),USA,,,"Pioneer","Red Forest Capital legacy. Early involvement with Irv Grousbeck in search fund model origins.",
Jeff Stevens,Individual Investor,USA,San Mateo CA,,,"Founder Anacapa Partners. Former CEO of three venture-backed buyouts.",
Simon Bores,Individual Investor,Spain,Madrid,,"120+ entrepreneurs","Co-founder Istria Capital & Search Fund Spain.",
Ignacio Olavarria,Individual Investor,Spain,Madrid,,,"Co-founder Istria Capital & Search Fund Spain.",
Noriko Shimazu,Individual Investor,Japan,,,"Stanford MBA","Founder Japan Search Fund Accelerator (JaSFA).",
Timothy Bovard,Individual Investor,USA,Boston MA,,,"Founder Search Fund Accelerator (SFA).",
Brian O'Connor,Individual Investor,USA,Chicago IL,,,"Founder NextGen Growth Partners.",
Nomura Holdings,Strategic Partner / Investment Bank,Japan,Tokyo,https://www.nomuraholdings.com,"Japan's largest investment bank","Partnership with JaSFA for Japan Search Fund Platform (JSFP). Investment business limited partnership.",
Yamaguchi Financial Group,Strategic Partner / Bank,Japan,,,"Regional bank","JaSFA bank partner. Searchers target companies in Yamaguchi, Fukuoka, Hiroshima prefectures.",
Development Bank of Japan,Strategic Partner / DFI,Japan,,,"Government bank","Partner with Search Fund Japan accelerator.",
Nihon M&A Center,Strategic Partner,Japan,,,"M&A advisory","Partner with Search Fund Japan accelerator.",
Bridge Capital,Investment Firm,Latin America,,https://bdgcap.com,,Search fund investor in Latin America.,
Realize Capital Partners,Fund,Canada,,https://realizecapitalpartners.ca,,"Investor in Regenerative Capital Group Fund I.",
Partner Ventures,Investment Firm,,,,"Later stage growth + search funds","Invests in later stage growth companies and through search funds.",
Legacy Partners,Investment Firm,Germany,,https://www.legacy-partners.de,,German search fund ecosystem participant.,
Equire Finance,Platform,,,https://www.equire.co,,"ETA events platform. Connects searchers with investor community.",
PipelineRoad,Platform / Database,,,https://pipelineroad.com,,"Surfaces investors who have backed search funds. Managed introductions. Investor activity tracking.",
Searcher Insights,Database / Platform,USA,,https://searcherinsights.com,"97+ active investment groups","Founded by Brett Sleyster. #1 Search Fund Database in USA & Canada. Free resources.",
SearchFunder,Community Platform,USA,,https://searchfunder.com,"1816 search funds (Axial)","Leading online community for search funds, independent sponsors, lower middle market PE.",
SearchFund.org,Educational Platform,USA,,https://www.searchfund.org,,"Educational resource for entrepreneurs & investors. Curated project for SF community.",
Search Funds News,News / Database,,,https://searchfundsnews.com,"350+ deals compiled, 30+ countries","Professional directory. SF acquisitions, exits, events. Country-specific databases.",
Search Fund Alliance,Industry Association,USA,,https://www.searchfundalliance.org,"Founded 2016","Comprised of SF investors and experienced CEOs. Information, resources, global connectedness.",
Axial,Deal Platform,USA,,https://www.axial.net,"1816 search funds, 558 family offices","Lower middle market directory. Digital deal marketing and sourcing.",
LeFonds Capital,Fund of Funds,France,Paris,https://www.lefonds.capital,"FPCI targeting EUR 20M","Founded by Pierre-Paul Benoit (ex-Societe Generale) and Guerric Faure. First French FPCI dedicated to search funds. Targets profitable SMEs with EUR 1-5M EBITDA. Supports searchers at every stage.",
Trajan Capital / Edmond de Rothschild Private Equity Trajan,PE Fund,France,Paris,https://am.edmond-de-rothschild.com,"Fund 2: EUR 300M (hardcap). Tickets up to EUR 45M","Founded 2018 by Thomas Duteil & Tanguy Tauzinat (both HEC). Partnership with Edmond de Rothschild. MBI/MBO and small cap carve-outs. Fund 1 (EUR 110M) fully deployed. Expanding to Benelux and Switzerland.",
EPA Investissements,Fund / Investment Vehicle,France,,https://epa-investissements.fr,,"France's first investment vehicle fully dedicated to search funds. Founded by Guillaume Raux (15 years at Naxicap Partners). Backed by Siparex Entrepreneurs. SME succession focus.",
Cameleon Invest,Family Office,France,,https://www.cameleoninvest.fr,,"Founded 2009 by Francois Simon. Invests in pioneering funds (hedge fund / venture / PE / secondary / real estate) and makes minority stakes in growing companies directly and through search funds.",
Enowe,Family Office,France,,,"12 team members incl. 2 Partners and 5 Principals","Family office of Hugues Souparis. Active French search fund investor. Invests in search funds alongside direct investments.",
ONEtoONE Asset Management,Fund of Funds,Spain,Barcelona,https://www.onetoonefunds.com,"EUR 35M across two CNMV-regulated vehicles","Manages ONEtoONE Great Searchers PE funds. 25 search funds in 9 countries. 6 companies invested. Provides funding plus data platforms and AI tools to searchers. France included in mandate.",
Beka Alpha Search Funds,Fund of Funds,Spain,Madrid,https://en.bekafinance.com/alternative-investment/beka-alpha-search-funds,"EUR 20M target. EUR 12M AUM. Min EUR 100K investment","Led by Angel Blanco Ortega & Ignacio Alvarez Cedron. CNMV-regulated. Spain/Portugal/Europe focus. 6 Spanish SMEs in <2 years. Portfolio >EUR 100M revenue. Invest in ~15 SMEs over 4-5 years.",
SFClub (Search Fund Club),Fund of Funds,Italy,Milan,https://www.searchfund.club,"EUR 35M across two vehicles. 30+ search funds","Founded 2021 by Enrico Arietti. Italy's first professional SF investment vehicle. Club deal investing in 15-20 European search funds. Portfolio across Europe and India/UAE/Australia/Singapore.",
Scipio Swanlaab SF SCR,Fund of Funds,Spain,,,"EUR 22.3M (final close). Global mandate","Joint venture between Swanlaab Venture Factory (Spain) and Scipio Holding Group (Netherlands). Invests in search funds globally (Europe/Asia/Americas/Oceania). 15 SFs backed across multiple continents.",
Aurica Search Funds (Aurica Capital),Fund of Funds,Spain,Barcelona,https://www.auricacapital.com,"EUR 50M (Aurica Search Fund I - oversubscribed)","Founded 2023 as new business line. Supports ~20 searchers. Portfolio includes companies in Spain/UK/Germany. Led by Ricardo Velilla (Investment Director). Invests in national and international SMEs.",
Forti Search Fund Partners,Institutional Fund,Luxembourg,,https://www.fortisf.partners,,"Founded 2024 by Tobias Raeber (pioneered partnered-search model in Europe). 120+ searchers partnered with. 50+ acquisitions supported. 30+ Search CEOs as investors/advisors. Europe-focused.",
Legacy Search Partners,Institutional Fund,Germany,Berlin,https://www.legacy-partners.de/en/search-fund,,"Founded by Christopher von Wedemeyer (ex-DrSmile scaled to EUR 200M revenue). Pan-European: DACH + France/UK/Spain/Portugal/Italy. Patient family capital. No committee delays. Supports add-on acquisitions.",
Inversiones Cabiedes,Individual Investor / Family Office,Spain,Madrid,,"25M EUR fund. 30+ SF investments worldwide","Founded by Jose and Luis Martin Gutierrez de Cabiedes. One of the most experienced SF investors in Spain. World-class reference in search fund investing. Also runs Cabiedes & Partners VC.",jose@inversionescabiedes.com
Leon Bartolome,Individual Investor,Spain,,,"Professional investor in real estate and listed/unlisted companies","One of the most active and respected international members within the Search Fund Community. Former BBVA & Partners. Real estate and company investments.",
Jurgen Rilling / Mirablau GmbH,Individual Investor,Germany,Munich,https://www.search-fund-modell.de,"Invested in ~12 search funds","Founded Mirablau GmbH in 2001 based on SF model. IESE Search Fund Center board member since 2013. Co-organizer International SF Conference. Guest speaker at INSEAD/IESE/LBS/Cambridge.",
Alexander Kirn / Kirnvest GmbH,Individual Investor,Germany,,,"Active SF investor for 10+ years","Entrepreneur for 20+ years. Invests in European search funds through Kirnvest GmbH. Frequently co-invests with Till Bossert through Search Fund Pioneers GmbH.",
Search Fund Pioneers GmbH,Investment Firm,Germany,,,"Managed by Alexander Kirn and Till Bossert","Joint investment vehicle of Alexander Kirn and Till Bossert focused on European search fund investments.",
Tobias Raeber / ETApreneur,Individual Investor,UK,London,,"Partnered with 120+ searchers; supported 50+ acquisitions","Raised the first partnered search fund in Europe (2013). Acquired Herchenbach Industrie-Zeltebau with Kronos AG. EHL/Bocconi/INSEAD grad. Now co-founder of Forti SF Partners.",
Kjøller (Magnus Kjøller),Individual Investor / Family Office,Denmark (Dubai),Dubai,https://kjoller.com/search-fund-investor.asp,"Up to USD 1M per deal. $5-8M deal range preferred","Since 2018 actively supports SF entrepreneurs. Invests in both search phase and acquisition. Mainly UK and Denmark. 100% owned by Magnus Kjøller - fast decisions. 32 active venture investments.",
Nexa Partners,Accelerator,Germany,Berlin,https://www.nexapartners.ai,,"Launches search funds led by proven entrepreneurs. Targets German SME succession crisis. Partnership-based search funds (35% of partnerships reach >5x returns vs 18% for solo).",
Lexington Search Fund Capital,Institutional Fund,USA,Concord MA,https://lexsfc.com,"50+ mid-market companies. 20+ search funds","Private investment firm focused on search fund investing. Special interest in Central Europe as growth opportunity. Established syndicate model with 10-12 investors per search round.",
Stellar Associates,Investment Firm,UK,London,http://stellarassociates.co.uk,,"Founded 2005. Acquires and manages small/mid-sized profitable UK companies with recurring revenues. Search fund model. Invested in Esprit Automation.",
Carlatton Capital,Search Fund,UK,Birmingham,https://www.carlattoncapital.co.uk,,"Founded 2018. One entrepreneur backed by investors and advisers. Backed by Pacific Lake and Vonzeo Capital and Arbor Ventures. Acquires and runs one great business.",
Arbor Ventures,Family Office,UK,London,https://www.arborventures.co.uk,,"Founded 2000 by Chris Mathias. Created by entrepreneurs for entrepreneurs. Invests in startups and established businesses including search funds. Long-term active investor. UK/Europe/US/India.",
N3X Investments / Tom Hendrickx,Individual Investor / Family Office,Belgium,Antwerp (Schilde),,"~10 direct participations","Founded by Tom Hendrickx after selling Sels. Invests in Belgian and European SMEs. Buy-and-build strategies. Active supporter of search fund model in Belgium.",
Roots Transition Partners,Investment Firm,Belgium,,https://www.rootspartners.eu,,"Partners include Tom Hendrickx. Supports business transitions and acquisitions. Belgian search fund ecosystem participant.",
Standard Investment,PE Fund,Belgium / Netherlands,,https://www.standard.nl,"22 portfolio companies. >4500 employees. >EUR 1B revenue","Founded 2004. Hands-on PE firm. Medium-sized enterprises in Benelux and Nordics. EUR 20-200M revenue targets. Represented by Martijn van den Berg in SF ecosystem.",
Ventures4Growth (V4G),Advisory / Platform,Belgium,Ghent,https://www.ventures4growth.com,,"Open partnership boutique corporate finance house. Specialized in supporting search funds. Acquisition matchmaking across Europe. Founded by Chris Raman.",
FORUM Family Office,Family Office,Germany,Munich,https://en.forumgruppe.de,"45 portfolio companies. EUR 5-50M transactions","Founded 1997. Family Equity investor. Majority stakes in SMEs with recurring revenue. Software/water management/healthcare. Long-term hold (not PE flip). 1700+ employees across 6 countries.",
Tilia Nachfolgekapital,Search Fund,Germany,,https://www.tilia-nachfolgekapital.de,"EUR 2-7.5M EBITDA targets. EV EUR 5-50M","Founded by Lisa Stuhler (first female SF entrepreneur in Germany). Backed by Seqos Capital/Aurica/Moonbase/Scipio Swanlaab. Consultancies/agencies/business services/consumer goods with digital angle.",
Lennertz & Co.,Multi-Family Office,Germany,Hamburg,https://www.lennertz.com,,"Owner-managed family office. Alternative investments including PE/VC/blockchain. Acquired BPE Fund Investors (2020). Capital management license holder. Potential LP in search fund vehicles.",
ETA Hub (UnternehmerTUM),Accelerator / Community,Germany,Munich,https://www.unternehmertum.de/landingpages/eta-unternehmertum,,"Partnership with Technical University of Munich (TUM). Promotes ETA as solution for German Mittelstand succession gap. Knowledge transfer between entrepreneurs and investors. In cooperation with Novastone.",
Search Fund Hub,Community Platform,Germany,,https://searchfundhub.de,,"Germany's largest ETA community. Connects search funds with top talent from DACH university clubs. Works with leading institutional SF investors across Europe.",
Viaductus,Advisory / Platform,Germany,,https://www.viaductus.de,,"Knowledge resource on search funds and business succession in Germany. Collaborates with New Mittelstand community. Connects searchers with financing sources and investors.",
Ostreum,Advisory / Platform,Germany,,https://www.ostreum.com,,"Maintains evolving list of traditional search funds in DACH. Blog and resource hub for German search fund ecosystem. Tracks search fund deals and investor activity.",
Siparex Group,PE Fund,France,Paris / Lyon,https://www.siparex.com,"EUR 3.7B AUM","Founded 1977. Independent French PE firm. Investor in EPA Investissements (first French SF-dedicated fund). Growth financing/venture capital/private debt. Through Siparex Entrepreneurs arm.",
Bpifrance,Sovereign Fund / DFI,France,Paris,https://www.bpifrance.fr,"23 locations. EUR 1-7M direct investments","French Sovereign Fund. Small-cap direct investments (EUR 0.5-7M). Fund of funds for small-cap PE. Minority co-investment. Long-term horizon. Anchor LP for French funds including search fund vehicles.",
Calcium Capital,PE Fund,France,Paris,,"17 portfolio companies (incl. DiliTrust and Stych). Fund II: EUR 100M","Founded 2012. Invests in SMEs in and around France. Second fund reached EUR 100M target with ~40 individual subscribers. Small/mid-cap buyouts.",
Altheo Partners,Multi-Family Office,France,Paris,https://www.altheo.com,,"Established 2015. Organizes and administers family assets. Long-term cross-functional approach. Referenced in connection with search fund / MBI / MBO landscape in France.",
Innovafonds,PE Fund,France,,https://www.innovafonds.fr,"Partenaire Managers I (PM I): EUR 115M. ~EUR 200M total raised","Specializes in industrial and services-to-industry sectors. PM I fund attracts institutional investors (Bpifrance/insurers/banks/family offices). Small-cap and SMID-cap industrial focus. Potential fit for industrial search funds.",
Spice Capital Partners,Multi-Family Office,UK / Europe,,https://www.spicecapital.com,,"UK-based multi-family office. Activities across Europe (Luxembourg/UK/France). Entrepreneurial spirit and family roots. Cross-asset class advisory. Potential search fund LP.",
INSEAD ETA & Search Funds Hub,Academic / Community,France,Fontainebleau,https://clubs.insead.edu/searchfund/,,"100+ search funds and ETA vehicles launched by INSEAD alumni. Annual ETA Conference. Connects students/alumni/investors. Key networking hub for French/European search fund ecosystem.",
HEC Search Fund & ETA Club,Academic / Community,France,Paris,https://www.hecalumni.fr,,"HEC Paris alumni network for search fund entrepreneurs and investors. Events and networking. Thomas Duteil (Trajan Capital) is HEC 2007 alumni.",
Vigía Capital,Search Fund,Spain,,https://vigiacapital.com,,"Entrepreneur-created investment firm. Acquires/operates/grows companies in Spain. Backed by Inversiones Cabiedes and ALZA Capital and Vonzeo Capital.",
Emptio Capital,Search Fund / Fundless Sponsor,Spain,Madrid,,"EV EUR 4-25M targets","Founded 2020. Acquires and operates existing private companies in Spain. Most recent investment: Recambiofacil. Staged financing model.",
7mills Equity Partners,Search Fund,Netherlands,,https://www.7mills.com,,"Entrepreneur-led search fund. Acquiring and growing a single great business in the Netherlands and DACH region. Led by Niels Siskens.",
SaloMonte Partners,Search Fund,Netherlands,,,"First successful traditional SF in Netherlands","Founded September 2023 by Duco. First successful traditional search fund in the Netherlands. Acquired Hotek Hospitality Group in November 2024.",
Bruno Lea,Individual Investor / Search CEO,France,,,"Acquired Performer CNC (EUR 19M revenue / EUR 1.8M EBITDA)","Most active French former searcher supporting new search funds. President of Haas France/Spain/Maghreb and NewLife CNC. Performer Group: EUR 50M revenue / 80 employees / 5 countries.",
Pierre-Paul Benoit,Individual Investor,France,,,"Co-founder LeFonds Capital","Ex-Societe Generale. Private investor and co-founder of LeFonds Capital. One of the most active French search fund investors.",
Guerric Faure,Individual Investor,France,,,"Co-founder LeFonds Capital","Entrepreneur and co-founder of LeFonds Capital (FPCI targeting EUR 20M for search fund investments in France and abroad).",
Thomas Duteil,Individual Investor,France,Paris,,"Founding Partner Trajan Capital","HEC Paris 2007. Founded Trajan Capital in partnership with Edmond de Rothschild. Specialist in capital and managerial transfer of French SMEs.",
Guillaume Raux,Individual Investor,France,,,"Founder EPA Investissements","15 years experience at Naxicap Partners. Created France's first investment vehicle fully dedicated to search funds. Backed by Siparex.",
Francois Simon,Individual Investor,France,,,"Founder Cameleon Invest","Founded Cameleon Invest in 2009. Family investment and consulting. Invests in funds and directly through search funds."
